{
  "project_info": {
    "project_number": "601618126619",
    "firebase_url": "https://finalyearproject-1bce3.firebaseio.com",
    "project_id": "finalyearproject-1bce3",
    "storage_bucket": "finalyearproject-1bce3.appspot.com"
  },
  "client": [
    {
      "client_info": {
        "mobilesdk_app_id": "1:601618126619:android:1ed333bd63778fdec065be",
        "android_client_info": {
          "package_name": "my.edu.tarc.user.fyp"
        }
      },
      "oauth_client": [
        {
          "client_id": "601618126619-9cdbcj1rlp4b9gl32h7h581pv10fikre.apps.googleusercontent.com",
          "client_type": 1,
          "android_info": {
            "package_name": "my.edu.tarc.user.fyp",
            "certificate_hash": "3de0949df14e43d72ff636f91a04ec4dec2a85f7"
          }
        },
        {
          "client_id": "601618126619-490ta9givqb09vthcine8rtgdur4hk88.apps.googleusercontent.com",
          "client_type": 3
        }
      ],
      "api_key": [
        {
          "current_key": "AIzaSyCCSrPdY0nnXcP_BKYk2RJmlJyeS7Ijqn4"
        }
      ],
      "services": {
        "appinvite_service": {
          "other_platform_oauth_client": [
            {
              "client_id": "601618126619-490ta9givqb09vthcine8rtgdur4hk88.apps.googleusercontent.com",
              "client_type": 3
            }
          ]
        }
      }
    }
  ],
  "configuration_version": "1"
}